{
    "swagger": "2.0",
    "info": {
        "description": "描述信息",
        "title": "advanced 项目",
        "contact": {
            "name": "spruce"
        },
        "version": "1.0"
    },
    "host": "localhost:9009",
    "paths": {
        "/api/demo/one": {
            "get": {
                "description": "获取一个demo",
                "consumes": [
                    "application/json"
                ],
                "produces": [
                    "application/json"
                ],
                "tags": [
                    "api"
                ],
                "summary": "GetOne",
                "parameters": [
                    {
                        "type": "integer",
                        "description": "demoID",
                        "name": "id",
                        "in": "query",
                        "required": true
                    }
                ],
                "responses": {
                    "200": {
                        "description": "{\"code\":0,\"message\":\"demo-Demo成功\",\"data\":{\"id\":100,\"name\":\"我是demo名称\"}}",
                        "schema": {
                            "type": "string"
                        }
                    },
                    "500": {
                        "description": "{\"code\":50000,\"message\":\"demo查询失败\",\"data\":\"\"}",
                        "schema": {
                            "type": "string"
                        }
                    }
                }
            }
        }
    }
}